{
  "point_1": {
    "tau": 0.5,
    "x": [
      0,
      0,
      0
    ],
    "C_components": [
      [
        2.6317825282454423,
        0.0,
        0.0,
        0.0
      ],
      [
        0.0,
        0.0,
        0.0,
        0.0
      ],
      [
        0.0,
        0.0,
        0.0,
        0.0
      ],
      [
        0.0,
        0.0,
        0.0,
        0.0
      ]
    ],
    "trace": 2.6317825282454423,
    "conserved": false
  },
  "point_2": {
    "tau": 1.0,
    "x": [
      0,
      0,
      0
    ],
    "C_components": [
      [
        0.5342063819730406,
        0.0,
        0.0,
        0.0
      ],
      [
        0.0,
        0.0,
        0.0,
        0.0
      ],
      [
        0.0,
        0.0,
        0.0,
        0.0
      ],
      [
        0.0,
        0.0,
        0.0,
        0.0
      ]
    ],
    "trace": 0.5342063819730406,
    "conserved": false
  },
  "point_3": {
    "tau": 2.0,
    "x": [
      0,
      0,
      0
    ],
    "C_components": [
      [
        0.1448760708506293,
        0.0,
        0.0,
        0.0
      ],
      [
        0.0,
        0.0,
        0.0,
        0.0
      ],
      [
        0.0,
        0.0,
        0.0,
        0.0
      ],
      [
        0.0,
        0.0,
        0.0,
        0.0
      ]
    ],
    "trace": 0.1448760708506293,
    "conserved": false
  },
  "point_4": {
    "tau": 1.0,
    "x": [
      100,
      0,
      0
    ],
    "C_components": [
      [
        0.5108242190323053,
        0.0,
        0.0,
        0.0
      ],
      [
        0.0,
        -143198106.05264074,
        0.0,
        0.0
      ],
      [
        0.0,
        0.0,
        0.0,
        0.0
      ],
      [
        0.0,
        0.0,
        0.0,
        0.0
      ]
    ],
    "trace": -143198105.5418165,
    "conserved": false
  },
  "point_5": {
    "tau": 1.0,
    "x": [
      0,
      100,
      0
    ],
    "C_components": [
      [
        0.5108242190323053,
        0.0,
        0.0,
        0.0
      ],
      [
        0.0,
        0.0,
        0.0,
        0.0
      ],
      [
        0.0,
        0.0,
        -143198106.05264074,
        0.0
      ],
      [
        0.0,
        0.0,
        0.0,
        0.0
      ]
    ],
    "trace": -143198105.5418165,
    "conserved": false
  }
}